DAY,HR,MI,MMEPOOL,REGION,MARKET,MARKET_DESC,SITE,ENODEB,EUTRANCELL,CARRIER,FREQ,CellUnavailableTimeDown,ConnNoAvg,S_RRU:CELLUNAVAILABLETIMEDOWN,S_RRC:CONNNOAVG
01/10/2023,18,30,New York Metro,Philadelphia Tri-State,090,NorthWest - Wayne 2,MtArlington,090103,1,1,5230,0,20.34,0,20.34
01/10/2023,18,30,New York Metro,Philadelphia Tri-State,090,NorthWest - Wayne 2,MtArlington,090103,1,2,2050,0,22.65,0,22.65
01/10/2023,18,30,New York Metro,Philadelphia Tri-State,090,NorthWest - Wayne 2,MtArlington,090103,1,4,null,0,36.4,0,36.4
01/10/2023,18,30,New York Metro,Philadelphia Tri-State,090,NorthWest - Wayne 2,MtArlington,090103,2,1,5230,0,22.61,0,22.61
01/10/2023,18,30,New York Metro,Philadelphia Tri-State,090,NorthWest - Wayne 2,MtArlington,090103,2,2,2050,0,37.87,0,37.87
01/10/2023,18,30,New York Metro,Philadelphia Tri-State,090,NorthWest - Wayne 2,MtArlington,090103,2,4,null,0,6.39,0,6.39
01/10/2023,18,30,New York Metro,Philadelphia Tri-State,090,NorthWest - Wayne 2,MtArlington,090103,3,1,5230,0,34.22,0,34.22
01/10/2023,18,30,New York Metro,Philadelphia Tri-State,090,NorthWest - Wayne 2,MtArlington,090103,3,2,2050,0,107.07,0,107.07
01/10/2023,18,30,New York Metro,Philadelphia Tri-State,090,NorthWest - Wayne 2,MtArlington,090103,3,4,null,0,40.23,0,40.23
01/10/2023,18,45,New York Metro,Philadelphia Tri-State,090,NorthWest - Wayne 2,MtArlington,090103,1,1,5230,0,13.79,0,13.79
01/10/2023,18,45,New York Metro,Philadelphia Tri-State,090,NorthWest - Wayne 2,MtArlington,090103,1,2,2050,0,23.09,0,23.09
01/10/2023,18,45,New York Metro,Philadelphia Tri-State,090,NorthWest - Wayne 2,MtArlington,090103,1,4,null,0,25.78,0,25.78
01/10/2023,18,45,New York Metro,Philadelphia Tri-State,090,NorthWest - Wayne 2,MtArlington,090103,2,1,5230,0,19.94,0,19.94
01/10/2023,18,45,New York Metro,Philadelphia Tri-State,090,NorthWest - Wayne 2,MtArlington,090103,2,2,2050,0,40.07,0,40.07
01/10/2023,18,45,New York Metro,Philadelphia Tri-State,090,NorthWest - Wayne 2,MtArlington,090103,2,4,null,0,7.82,0,7.82
01/10/2023,18,45,New York Metro,Philadelphia Tri-State,090,NorthWest - Wayne 2,MtArlington,090103,3,1,5230,0,25.01,0,25.01
01/10/2023,18,45,New York Metro,Philadelphia Tri-State,090,NorthWest - Wayne 2,MtArlington,090103,3,2,2050,0,124.33,0,124.33
01/10/2023,18,45,New York Metro,Philadelphia Tri-State,090,NorthWest - Wayne 2,MtArlington,090103,3,4,null,0,36.98,0,36.98
01/10/2023,19,00,New York Metro,Philadelphia Tri-State,090,NorthWest - Wayne 2,MtArlington,090103,1,1,5230,0,14.5,0,14.5
01/10/2023,19,00,New York Metro,Philadelphia Tri-State,090,NorthWest - Wayne 2,MtArlington,090103,1,2,2050,0,24.78,0,24.78
01/10/2023,19,00,New York Metro,Philadelphia Tri-State,090,NorthWest - Wayne 2,MtArlington,090103,1,4,null,0,23.04,0,23.04
01/10/2023,19,00,New York Metro,Philadelphia Tri-State,090,NorthWest - Wayne 2,MtArlington,090103,2,1,5230,0,19.99,0,19.99
01/10/2023,19,00,New York Metro,Philadelphia Tri-State,090,NorthWest - Wayne 2,MtArlington,090103,2,2,2050,0,37.52,0,37.52
01/10/2023,19,00,New York Metro,Philadelphia Tri-State,090,NorthWest - Wayne 2,MtArlington,090103,2,4,null,0,5.46,0,5.46
01/10/2023,19,00,New York Metro,Philadelphia Tri-State,090,NorthWest - Wayne 2,MtArlington,090103,3,1,5230,0,27.77,0,27.77
01/10/2023,19,00,New York Metro,Philadelphia Tri-State,090,NorthWest - Wayne 2,MtArlington,090103,3,2,2050,0,134.14,0,134.14
01/10/2023,19,00,New York Metro,Philadelphia Tri-State,090,NorthWest - Wayne 2,MtArlington,090103,3,4,null,0,41.42,0,41.42
01/10/2023,19,15,New York Metro,Philadelphia Tri-State,090,NorthWest - Wayne 2,MtArlington,090103,1,1,5230,0,15.32,0,15.32
01/10/2023,19,15,New York Metro,Philadelphia Tri-State,090,NorthWest - Wayne 2,MtArlington,090103,1,2,2050,0,21.66,0,21.66
01/10/2023,19,15,New York Metro,Philadelphia Tri-State,090,NorthWest - Wayne 2,MtArlington,090103,1,4,null,0,26.21,0,26.21
01/10/2023,19,15,New York Metro,Philadelphia Tri-State,090,NorthWest - Wayne 2,MtArlington,090103,2,1,5230,0,18.72,0,18.72
01/10/2023,19,15,New York Metro,Philadelphia Tri-State,090,NorthWest - Wayne 2,MtArlington,090103,2,2,2050,0,35.42,0,35.42
01/10/2023,19,15,New York Metro,Philadelphia Tri-State,090,NorthWest - Wayne 2,MtArlington,090103,2,4,null,0,4.23,0,4.23
01/10/2023,19,15,New York Metro,Philadelphia Tri-State,090,NorthWest - Wayne 2,MtArlington,090103,3,1,5230,0,26.53,0,26.53
01/10/2023,19,15,New York Metro,Philadelphia Tri-State,090,NorthWest - Wayne 2,MtArlington,090103,3,2,2050,0,137.43,0,137.43
01/10/2023,19,15,New York Metro,Philadelphia Tri-State,090,NorthWest - Wayne 2,MtArlington,090103,3,4,null,0,44.8,0,44.8
01/10/2023,19,30,New York Metro,Philadelphia Tri-State,090,NorthWest - Wayne 2,MtArlington,090103,1,1,5230,0,10.36,0,10.36
01/10/2023,19,30,New York Metro,Philadelphia Tri-State,090,NorthWest - Wayne 2,MtArlington,090103,1,2,2050,0,23.07,0,23.07
01/10/2023,19,30,New York Metro,Philadelphia Tri-State,090,NorthWest - Wayne 2,MtArlington,090103,1,4,null,879,0.62,879,0.62
01/10/2023,19,30,New York Metro,Philadelphia Tri-State,090,NorthWest - Wayne 2,MtArlington,090103,2,1,5230,0,17.74,0,17.74
01/10/2023,19,30,New York Metro,Philadelphia Tri-State,090,NorthWest - Wayne 2,MtArlington,090103,2,2,2050,0,35.84,0,35.84
01/10/2023,19,30,New York Metro,Philadelphia Tri-State,090,NorthWest - Wayne 2,MtArlington,090103,2,4,null,879,0.14,879,0.14
01/10/2023,19,30,New York Metro,Philadelphia Tri-State,090,NorthWest - Wayne 2,MtArlington,090103,3,1,5230,0,32.06,0,32.06
01/10/2023,19,30,New York Metro,Philadelphia Tri-State,090,NorthWest - Wayne 2,MtArlington,090103,3,2,2050,0,144.51,0,144.51
01/10/2023,19,30,New York Metro,Philadelphia Tri-State,090,NorthWest - Wayne 2,MtArlington,090103,3,4,null,879,1.06,879,1.06
01/10/2023,19,45,New York Metro,Philadelphia Tri-State,090,NorthWest - Wayne 2,MtArlington,090103,1,1,5230,0,11.84,0,11.84
01/10/2023,19,45,New York Metro,Philadelphia Tri-State,090,NorthWest - Wayne 2,MtArlington,090103,1,2,2050,0,21.72,0,21.72
01/10/2023,19,45,New York Metro,Philadelphia Tri-State,090,NorthWest - Wayne 2,MtArlington,090103,1,4,null,900,0,900,0
01/10/2023,19,45,New York Metro,Philadelphia Tri-State,090,NorthWest - Wayne 2,MtArlington,090103,2,1,5230,0,17.98,0,17.98
01/10/2023,19,45,New York Metro,Philadelphia Tri-State,090,NorthWest - Wayne 2,MtArlington,090103,2,2,2050,0,33.32,0,33.32
01/10/2023,19,45,New York Metro,Philadelphia Tri-State,090,NorthWest - Wayne 2,MtArlington,090103,2,4,null,900,0,900,0
01/10/2023,19,45,New York Metro,Philadelphia Tri-State,090,NorthWest - Wayne 2,MtArlington,090103,3,1,5230,0,28.52,0,28.52
01/10/2023,19,45,New York Metro,Philadelphia Tri-State,090,NorthWest - Wayne 2,MtArlington,090103,3,2,2050,0,148.89,0,148.89
01/10/2023,19,45,New York Metro,Philadelphia Tri-State,090,NorthWest - Wayne 2,MtArlington,090103,3,4,null,900,0,900,0
01/10/2023,20,00,New York Metro,Philadelphia Tri-State,090,NorthWest - Wayne 2,MtArlington,090103,1,1,5230,0,10.33,0,10.33
01/10/2023,20,00,New York Metro,Philadelphia Tri-State,090,NorthWest - Wayne 2,MtArlington,090103,1,2,2050,0,24.17,0,24.17
01/10/2023,20,00,New York Metro,Philadelphia Tri-State,090,NorthWest - Wayne 2,MtArlington,090103,1,4,null,900,0,900,0
01/10/2023,20,00,New York Metro,Philadelphia Tri-State,090,NorthWest - Wayne 2,MtArlington,090103,2,1,5230,0,19.02,0,19.02
01/10/2023,20,00,New York Metro,Philadelphia Tri-State,090,NorthWest - Wayne 2,MtArlington,090103,2,2,2050,0,29.98,0,29.98
01/10/2023,20,00,New York Metro,Philadelphia Tri-State,090,NorthWest - Wayne 2,MtArlington,090103,2,4,null,900,0,900,0
01/10/2023,20,00,New York Metro,Philadelphia Tri-State,090,NorthWest - Wayne 2,MtArlington,090103,3,1,5230,0,27.29,0,27.29
01/10/2023,20,00,New York Metro,Philadelphia Tri-State,090,NorthWest - Wayne 2,MtArlington,090103,3,2,2050,0,148.38,0,148.38
01/10/2023,20,00,New York Metro,Philadelphia Tri-State,090,NorthWest - Wayne 2,MtArlington,090103,3,4,null,900,0,900,0
01/10/2023,20,15,New York Metro,Philadelphia Tri-State,090,NorthWest - Wayne 2,MtArlington,090103,1,1,5230,0,12.3,0,12.3
01/10/2023,20,15,New York Metro,Philadelphia Tri-State,090,NorthWest - Wayne 2,MtArlington,090103,1,2,2050,0,25.05,0,25.05
01/10/2023,20,15,New York Metro,Philadelphia Tri-State,090,NorthWest - Wayne 2,MtArlington,090103,1,4,null,900,0,900,0
01/10/2023,20,15,New York Metro,Philadelphia Tri-State,090,NorthWest - Wayne 2,MtArlington,090103,2,1,5230,0,18.03,0,18.03
01/10/2023,20,15,New York Metro,Philadelphia Tri-State,090,NorthWest - Wayne 2,MtArlington,090103,2,2,2050,0,30.76,0,30.76
01/10/2023,20,15,New York Metro,Philadelphia Tri-State,090,NorthWest - Wayne 2,MtArlington,090103,2,4,null,900,0,900,0
01/10/2023,20,15,New York Metro,Philadelphia Tri-State,090,NorthWest - Wayne 2,MtArlington,090103,3,1,5230,0,27.84,0,27.84
01/10/2023,20,15,New York Metro,Philadelphia Tri-State,090,NorthWest - Wayne 2,MtArlington,090103,3,2,2050,0,150.46,0,150.46
01/10/2023,20,15,New York Metro,Philadelphia Tri-State,090,NorthWest - Wayne 2,MtArlington,090103,3,4,null,900,0,900,0
01/10/2023,20,30,New York Metro,Philadelphia Tri-State,090,NorthWest - Wayne 2,MtArlington,090103,1,1,5230,0,10.68,0,10.68
01/10/2023,20,30,New York Metro,Philadelphia Tri-State,090,NorthWest - Wayne 2,MtArlington,090103,1,2,2050,0,22.94,0,22.94
01/10/2023,20,30,New York Metro,Philadelphia Tri-State,090,NorthWest - Wayne 2,MtArlington,090103,1,4,null,900,0,900,0
01/10/2023,20,30,New York Metro,Philadelphia Tri-State,090,NorthWest - Wayne 2,MtArlington,090103,2,1,5230,0,19.66,0,19.66
01/10/2023,20,30,New York Metro,Philadelphia Tri-State,090,NorthWest - Wayne 2,MtArlington,090103,2,2,2050,0,26.71,0,26.71
01/10/2023,20,30,New York Metro,Philadelphia Tri-State,090,NorthWest - Wayne 2,MtArlington,090103,2,4,null,900,0,900,0
01/10/2023,20,30,New York Metro,Philadelphia Tri-State,090,NorthWest - Wayne 2,MtArlington,090103,3,1,5230,0,29,0,29
01/10/2023,20,30,New York Metro,Philadelphia Tri-State,090,NorthWest - Wayne 2,MtArlington,090103,3,2,2050,0,150.63,0,150.63
01/10/2023,20,30,New York Metro,Philadelphia Tri-State,090,NorthWest - Wayne 2,MtArlington,090103,3,4,null,900,0,900,0
01/10/2023,20,45,New York Metro,Philadelphia Tri-State,090,NorthWest - Wayne 2,MtArlington,090103,1,1,5230,0,12.01,0,12.01
01/10/2023,20,45,New York Metro,Philadelphia Tri-State,090,NorthWest - Wayne 2,MtArlington,090103,1,2,2050,0,22.53,0,22.53
01/10/2023,20,45,New York Metro,Philadelphia Tri-State,090,NorthWest - Wayne 2,MtArlington,090103,1,4,null,900,0,900,0
01/10/2023,20,45,New York Metro,Philadelphia Tri-State,090,NorthWest - Wayne 2,MtArlington,090103,2,1,5230,0,18.89,0,18.89
01/10/2023,20,45,New York Metro,Philadelphia Tri-State,090,NorthWest - Wayne 2,MtArlington,090103,2,2,2050,0,30.57,0,30.57
01/10/2023,20,45,New York Metro,Philadelphia Tri-State,090,NorthWest - Wayne 2,MtArlington,090103,2,4,null,900,0,900,0
01/10/2023,20,45,New York Metro,Philadelphia Tri-State,090,NorthWest - Wayne 2,MtArlington,090103,3,1,5230,0,26.24,0,26.24
01/10/2023,20,45,New York Metro,Philadelphia Tri-State,090,NorthWest - Wayne 2,MtArlington,090103,3,2,2050,0,142.75,0,142.75
01/10/2023,20,45,New York Metro,Philadelphia Tri-State,090,NorthWest - Wayne 2,MtArlington,090103,3,4,null,900,0,900,0
01/10/2023,21,00,New York Metro,Philadelphia Tri-State,090,NorthWest - Wayne 2,MtArlington,090103,1,1,5230,0,11.54,0,11.54
01/10/2023,21,00,New York Metro,Philadelphia Tri-State,090,NorthWest - Wayne 2,MtArlington,090103,1,2,2050,0,21.01,0,21.01
01/10/2023,21,00,New York Metro,Philadelphia Tri-State,090,NorthWest - Wayne 2,MtArlington,090103,1,4,null,900,0,900,0
01/10/2023,21,00,New York Metro,Philadelphia Tri-State,090,NorthWest - Wayne 2,MtArlington,090103,2,1,5230,0,18.58,0,18.58
01/10/2023,21,00,New York Metro,Philadelphia Tri-State,090,NorthWest - Wayne 2,MtArlington,090103,2,2,2050,0,28.53,0,28.53
01/10/2023,21,00,New York Metro,Philadelphia Tri-State,090,NorthWest - Wayne 2,MtArlington,090103,2,4,null,900,0,900,0
01/10/2023,21,00,New York Metro,Philadelphia Tri-State,090,NorthWest - Wayne 2,MtArlington,090103,3,1,5230,0,25.41,0,25.41
01/10/2023,21,00,New York Metro,Philadelphia Tri-State,090,NorthWest - Wayne 2,MtArlington,090103,3,2,2050,0,140.53,0,140.53
01/10/2023,21,00,New York Metro,Philadelphia Tri-State,090,NorthWest - Wayne 2,MtArlington,090103,3,4,null,900,0,900,0
01/10/2023,21,15,New York Metro,Philadelphia Tri-State,090,NorthWest - Wayne 2,MtArlington,090103,1,1,5230,0,13.35,0,13.35
01/10/2023,21,15,New York Metro,Philadelphia Tri-State,090,NorthWest - Wayne 2,MtArlington,090103,1,2,2050,0,21.24,0,21.24
01/10/2023,21,15,New York Metro,Philadelphia Tri-State,090,NorthWest - Wayne 2,MtArlington,090103,1,4,null,900,0,900,0
01/10/2023,21,15,New York Metro,Philadelphia Tri-State,090,NorthWest - Wayne 2,MtArlington,090103,2,1,5230,0,17.86,0,17.86
01/10/2023,21,15,New York Metro,Philadelphia Tri-State,090,NorthWest - Wayne 2,MtArlington,090103,2,2,2050,0,26.82,0,26.82
01/10/2023,21,15,New York Metro,Philadelphia Tri-State,090,NorthWest - Wayne 2,MtArlington,090103,2,4,null,900,0,900,0
01/10/2023,21,15,New York Metro,Philadelphia Tri-State,090,NorthWest - Wayne 2,MtArlington,090103,3,1,5230,0,26.78,0,26.78
01/10/2023,21,15,New York Metro,Philadelphia Tri-State,090,NorthWest - Wayne 2,MtArlington,090103,3,2,2050,0,135.76,0,135.76
01/10/2023,21,15,New York Metro,Philadelphia Tri-State,090,NorthWest - Wayne 2,MtArlington,090103,3,4,null,900,0,900,0
01/10/2023,21,30,New York Metro,Philadelphia Tri-State,090,NorthWest - Wayne 2,MtArlington,090103,1,1,5230,0,11.95,0,11.95
01/10/2023,21,30,New York Metro,Philadelphia Tri-State,090,NorthWest - Wayne 2,MtArlington,090103,1,2,2050,0,22.06,0,22.06
01/10/2023,21,30,New York Metro,Philadelphia Tri-State,090,NorthWest - Wayne 2,MtArlington,090103,1,4,null,900,0,900,0
01/10/2023,21,30,New York Metro,Philadelphia Tri-State,090,NorthWest - Wayne 2,MtArlington,090103,2,1,5230,0,18.21,0,18.21
01/10/2023,21,30,New York Metro,Philadelphia Tri-State,090,NorthWest - Wayne 2,MtArlington,090103,2,2,2050,0,23.39,0,23.39
01/10/2023,21,30,New York Metro,Philadelphia Tri-State,090,NorthWest - Wayne 2,MtArlington,090103,2,4,null,900,0,900,0
01/10/2023,21,30,New York Metro,Philadelphia Tri-State,090,NorthWest - Wayne 2,MtArlington,090103,3,1,5230,0,24.18,0,24.18
01/10/2023,21,30,New York Metro,Philadelphia Tri-State,090,NorthWest - Wayne 2,MtArlington,090103,3,2,2050,0,136.13,0,136.13
01/10/2023,21,30,New York Metro,Philadelphia Tri-State,090,NorthWest - Wayne 2,MtArlington,090103,3,4,null,900,0,900,0
01/10/2023,21,45,New York Metro,Philadelphia Tri-State,090,NorthWest - Wayne 2,MtArlington,090103,1,1,5230,0,11.88,0,11.88
01/10/2023,21,45,New York Metro,Philadelphia Tri-State,090,NorthWest - Wayne 2,MtArlington,090103,1,2,2050,0,23.95,0,23.95
01/10/2023,21,45,New York Metro,Philadelphia Tri-State,090,NorthWest - Wayne 2,MtArlington,090103,1,4,null,900,0,900,0
01/10/2023,21,45,New York Metro,Philadelphia Tri-State,090,NorthWest - Wayne 2,MtArlington,090103,2,1,5230,0,13.83,0,13.83
01/10/2023,21,45,New York Metro,Philadelphia Tri-State,090,NorthWest - Wayne 2,MtArlington,090103,2,2,2050,0,24.72,0,24.72
01/10/2023,21,45,New York Metro,Philadelphia Tri-State,090,NorthWest - Wayne 2,MtArlington,090103,2,4,null,900,0,900,0
01/10/2023,21,45,New York Metro,Philadelphia Tri-State,090,NorthWest - Wayne 2,MtArlington,090103,3,1,5230,0,20.16,0,20.16
01/10/2023,21,45,New York Metro,Philadelphia Tri-State,090,NorthWest - Wayne 2,MtArlington,090103,3,2,2050,0,144.92,0,144.92
01/10/2023,21,45,New York Metro,Philadelphia Tri-State,090,NorthWest - Wayne 2,MtArlington,090103,3,4,null,900,0,900,0
01/10/2023,22,00,New York Metro,Philadelphia Tri-State,090,NorthWest - Wayne 2,MtArlington,090103,1,1,5230,0,10.38,0,10.38
01/10/2023,22,00,New York Metro,Philadelphia Tri-State,090,NorthWest - Wayne 2,MtArlington,090103,1,2,2050,0,24.45,0,24.45
01/10/2023,22,00,New York Metro,Philadelphia Tri-State,090,NorthWest - Wayne 2,MtArlington,090103,1,4,null,900,0,900,0
01/10/2023,22,00,New York Metro,Philadelphia Tri-State,090,NorthWest - Wayne 2,MtArlington,090103,2,1,5230,0,15.08,0,15.08
01/10/2023,22,00,New York Metro,Philadelphia Tri-State,090,NorthWest - Wayne 2,MtArlington,090103,2,2,2050,0,25.35,0,25.35
01/10/2023,22,00,New York Metro,Philadelphia Tri-State,090,NorthWest - Wayne 2,MtArlington,090103,2,4,null,900,0,900,0
01/10/2023,22,00,New York Metro,Philadelphia Tri-State,090,NorthWest - Wayne 2,MtArlington,090103,3,1,5230,0,20.63,0,20.63
01/10/2023,22,00,New York Metro,Philadelphia Tri-State,090,NorthWest - Wayne 2,MtArlington,090103,3,2,2050,0,140.24,0,140.24
01/10/2023,22,00,New York Metro,Philadelphia Tri-State,090,NorthWest - Wayne 2,MtArlington,090103,3,4,null,900,0,900,0
01/10/2023,22,15,New York Metro,Philadelphia Tri-State,090,NorthWest - Wayne 2,MtArlington,090103,1,1,5230,0,9.43,0,9.43
01/10/2023,22,15,New York Metro,Philadelphia Tri-State,090,NorthWest - Wayne 2,MtArlington,090103,1,2,2050,0,25.23,0,25.23
01/10/2023,22,15,New York Metro,Philadelphia Tri-State,090,NorthWest - Wayne 2,MtArlington,090103,1,4,null,900,0,900,0
01/10/2023,22,15,New York Metro,Philadelphia Tri-State,090,NorthWest - Wayne 2,MtArlington,090103,2,1,5230,0,14.6,0,14.6
01/10/2023,22,15,New York Metro,Philadelphia Tri-State,090,NorthWest - Wayne 2,MtArlington,090103,2,2,2050,0,24.38,0,24.38
01/10/2023,22,15,New York Metro,Philadelphia Tri-State,090,NorthWest - Wayne 2,MtArlington,090103,2,4,null,900,0,900,0
01/10/2023,22,15,New York Metro,Philadelphia Tri-State,090,NorthWest - Wayne 2,MtArlington,090103,3,1,5230,0,24.91,0,24.91
01/10/2023,22,15,New York Metro,Philadelphia Tri-State,090,NorthWest - Wayne 2,MtArlington,090103,3,2,2050,0,131.98,0,131.98
01/10/2023,22,15,New York Metro,Philadelphia Tri-State,090,NorthWest - Wayne 2,MtArlington,090103,3,4,null,900,0,900,0
01/10/2023,22,30,New York Metro,Philadelphia Tri-State,090,NorthWest - Wayne 2,MtArlington,090103,1,1,5230,0,8.53,0,8.53
01/10/2023,22,30,New York Metro,Philadelphia Tri-State,090,NorthWest - Wayne 2,MtArlington,090103,1,2,2050,0,25.18,0,25.18
01/10/2023,22,30,New York Metro,Philadelphia Tri-State,090,NorthWest - Wayne 2,MtArlington,090103,1,4,null,900,0,900,0
01/10/2023,22,30,New York Metro,Philadelphia Tri-State,090,NorthWest - Wayne 2,MtArlington,090103,2,1,5230,0,11.96,0,11.96
01/10/2023,22,30,New York Metro,Philadelphia Tri-State,090,NorthWest - Wayne 2,MtArlington,090103,2,2,2050,0,27.9,0,27.9
01/10/2023,22,30,New York Metro,Philadelphia Tri-State,090,NorthWest - Wayne 2,MtArlington,090103,2,4,null,900,0,900,0
01/10/2023,22,30,New York Metro,Philadelphia Tri-State,090,NorthWest - Wayne 2,MtArlington,090103,3,1,5230,0,19.87,0,19.87
01/10/2023,22,30,New York Metro,Philadelphia Tri-State,090,NorthWest - Wayne 2,MtArlington,090103,3,2,2050,0,122.34,0,122.34
01/10/2023,22,30,New York Metro,Philadelphia Tri-State,090,NorthWest - Wayne 2,MtArlington,090103,3,4,null,900,0,900,0
01/10/2023,22,45,New York Metro,Philadelphia Tri-State,090,NorthWest - Wayne 2,MtArlington,090103,1,1,5230,0,9.19,0,9.19
01/10/2023,22,45,New York Metro,Philadelphia Tri-State,090,NorthWest - Wayne 2,MtArlington,090103,1,2,2050,0,20.53,0,20.53
01/10/2023,22,45,New York Metro,Philadelphia Tri-State,090,NorthWest - Wayne 2,MtArlington,090103,1,4,null,900,0,900,0
01/10/2023,22,45,New York Metro,Philadelphia Tri-State,090,NorthWest - Wayne 2,MtArlington,090103,2,1,5230,0,10.81,0,10.81
01/10/2023,22,45,New York Metro,Philadelphia Tri-State,090,NorthWest - Wayne 2,MtArlington,090103,2,2,2050,0,28,0,28
01/10/2023,22,45,New York Metro,Philadelphia Tri-State,090,NorthWest - Wayne 2,MtArlington,090103,2,4,null,900,0,900,0
01/10/2023,22,45,New York Metro,Philadelphia Tri-State,090,NorthWest - Wayne 2,MtArlington,090103,3,1,5230,0,14.88,0,14.88
01/10/2023,22,45,New York Metro,Philadelphia Tri-State,090,NorthWest - Wayne 2,MtArlington,090103,3,2,2050,0,112.51,0,112.51
01/10/2023,22,45,New York Metro,Philadelphia Tri-State,090,NorthWest - Wayne 2,MtArlington,090103,3,4,null,900,0,900,0
01/10/2023,23,00,New York Metro,Philadelphia Tri-State,090,NorthWest - Wayne 2,MtArlington,090103,1,1,5230,0,8.11,0,8.11
01/10/2023,23,00,New York Metro,Philadelphia Tri-State,090,NorthWest - Wayne 2,MtArlington,090103,1,2,2050,0,20.62,0,20.62
01/10/2023,23,00,New York Metro,Philadelphia Tri-State,090,NorthWest - Wayne 2,MtArlington,090103,1,4,null,900,0,900,0
01/10/2023,23,00,New York Metro,Philadelphia Tri-State,090,NorthWest - Wayne 2,MtArlington,090103,2,1,5230,0,8.65,0,8.65
01/10/2023,23,00,New York Metro,Philadelphia Tri-State,090,NorthWest - Wayne 2,MtArlington,090103,2,2,2050,0,23.39,0,23.39
01/10/2023,23,00,New York Metro,Philadelphia Tri-State,090,NorthWest - Wayne 2,MtArlington,090103,2,4,null,900,0,900,0
01/10/2023,23,00,New York Metro,Philadelphia Tri-State,090,NorthWest - Wayne 2,MtArlington,090103,3,1,5230,0,12.54,0,12.54
01/10/2023,23,00,New York Metro,Philadelphia Tri-State,090,NorthWest - Wayne 2,MtArlington,090103,3,2,2050,0,111.88,0,111.88
01/10/2023,23,00,New York Metro,Philadelphia Tri-State,090,NorthWest - Wayne 2,MtArlington,090103,3,4,null,900,0,900,0
01/10/2023,23,15,New York Metro,Philadelphia Tri-State,090,NorthWest - Wayne 2,MtArlington,090103,1,1,5230,0,9.17,0,9.17
01/10/2023,23,15,New York Metro,Philadelphia Tri-State,090,NorthWest - Wayne 2,MtArlington,090103,1,2,2050,0,19.77,0,19.77
01/10/2023,23,15,New York Metro,Philadelphia Tri-State,090,NorthWest - Wayne 2,MtArlington,090103,1,4,null,900,0,900,0
01/10/2023,23,15,New York Metro,Philadelphia Tri-State,090,NorthWest - Wayne 2,MtArlington,090103,2,1,5230,0,8.85,0,8.85
01/10/2023,23,15,New York Metro,Philadelphia Tri-State,090,NorthWest - Wayne 2,MtArlington,090103,2,2,2050,0,22.49,0,22.49
01/10/2023,23,15,New York Metro,Philadelphia Tri-State,090,NorthWest - Wayne 2,MtArlington,090103,2,4,null,900,0,900,0
01/10/2023,23,15,New York Metro,Philadelphia Tri-State,090,NorthWest - Wayne 2,MtArlington,090103,3,1,5230,0,16.45,0,16.45
01/10/2023,23,15,New York Metro,Philadelphia Tri-State,090,NorthWest - Wayne 2,MtArlington,090103,3,2,2050,0,104.98,0,104.98
01/10/2023,23,15,New York Metro,Philadelphia Tri-State,090,NorthWest - Wayne 2,MtArlington,090103,3,4,null,900,0,900,0
01/10/2023,23,30,New York Metro,Philadelphia Tri-State,090,NorthWest - Wayne 2,MtArlington,090103,1,1,5230,0,10.01,0,10.01
01/10/2023,23,30,New York Metro,Philadelphia Tri-State,090,NorthWest - Wayne 2,MtArlington,090103,1,2,2050,0,18.88,0,18.88
01/10/2023,23,30,New York Metro,Philadelphia Tri-State,090,NorthWest - Wayne 2,MtArlington,090103,1,4,null,900,0,900,0
01/10/2023,23,30,New York Metro,Philadelphia Tri-State,090,NorthWest - Wayne 2,MtArlington,090103,2,1,5230,0,8.64,0,8.64
01/10/2023,23,30,New York Metro,Philadelphia Tri-State,090,NorthWest - Wayne 2,MtArlington,090103,2,2,2050,0,21.85,0,21.85
01/10/2023,23,30,New York Metro,Philadelphia Tri-State,090,NorthWest - Wayne 2,MtArlington,090103,2,4,null,900,0,900,0
01/10/2023,23,30,New York Metro,Philadelphia Tri-State,090,NorthWest - Wayne 2,MtArlington,090103,3,1,5230,0,13.14,0,13.14
01/10/2023,23,30,New York Metro,Philadelphia Tri-State,090,NorthWest - Wayne 2,MtArlington,090103,3,2,2050,0,106,0,106
01/10/2023,23,30,New York Metro,Philadelphia Tri-State,090,NorthWest - Wayne 2,MtArlington,090103,3,4,null,900,0,900,0
01/10/2023,23,45,New York Metro,Philadelphia Tri-State,090,NorthWest - Wayne 2,MtArlington,090103,1,1,5230,0,8.81,0,8.81
01/10/2023,23,45,New York Metro,Philadelphia Tri-State,090,NorthWest - Wayne 2,MtArlington,090103,1,2,2050,0,16.53,0,16.53
01/10/2023,23,45,New York Metro,Philadelphia Tri-State,090,NorthWest - Wayne 2,MtArlington,090103,1,4,null,900,0,900,0
01/10/2023,23,45,New York Metro,Philadelphia Tri-State,090,NorthWest - Wayne 2,MtArlington,090103,2,1,5230,0,8.02,0,8.02
01/10/2023,23,45,New York Metro,Philadelphia Tri-State,090,NorthWest - Wayne 2,MtArlington,090103,2,2,2050,0,18.72,0,18.72
01/10/2023,23,45,New York Metro,Philadelphia Tri-State,090,NorthWest - Wayne 2,MtArlington,090103,2,4,null,900,0,900,0
01/10/2023,23,45,New York Metro,Philadelphia Tri-State,090,NorthWest - Wayne 2,MtArlington,090103,3,1,5230,0,12.47,0,12.47
01/10/2023,23,45,New York Metro,Philadelphia Tri-State,090,NorthWest - Wayne 2,MtArlington,090103,3,2,2050,0,96.6,0,96.6
01/10/2023,23,45,New York Metro,Philadelphia Tri-State,090,NorthWest - Wayne 2,MtArlington,090103,3,4,null,900,0,900,0
01/11/2023,00,00,New York Metro,Philadelphia Tri-State,090,NorthWest - Wayne 2,MtArlington,090103,1,1,5230,0,7.7,0,7.7
01/11/2023,00,00,New York Metro,Philadelphia Tri-State,090,NorthWest - Wayne 2,MtArlington,090103,1,2,2050,0,17.87,0,17.87
01/11/2023,00,00,New York Metro,Philadelphia Tri-State,090,NorthWest - Wayne 2,MtArlington,090103,1,4,null,900,0,900,0
01/11/2023,00,00,New York Metro,Philadelphia Tri-State,090,NorthWest - Wayne 2,MtArlington,090103,2,1,5230,0,7.63,0,7.63
01/11/2023,00,00,New York Metro,Philadelphia Tri-State,090,NorthWest - Wayne 2,MtArlington,090103,2,2,2050,0,19.18,0,19.18
01/11/2023,00,00,New York Metro,Philadelphia Tri-State,090,NorthWest - Wayne 2,MtArlington,090103,2,4,null,900,0,900,0
01/11/2023,00,00,New York Metro,Philadelphia Tri-State,090,NorthWest - Wayne 2,MtArlington,090103,3,1,5230,0,13.02,0,13.02
01/11/2023,00,00,New York Metro,Philadelphia Tri-State,090,NorthWest - Wayne 2,MtArlington,090103,3,2,2050,0,105.76,0,105.76
01/11/2023,00,00,New York Metro,Philadelphia Tri-State,090,NorthWest - Wayne 2,MtArlington,090103,3,4,null,900,0,900,0
01/11/2023,00,15,New York Metro,Philadelphia Tri-State,090,NorthWest - Wayne 2,MtArlington,090103,1,1,5230,0,6.28,0,6.28
01/11/2023,00,15,New York Metro,Philadelphia Tri-State,090,NorthWest - Wayne 2,MtArlington,090103,1,2,2050,0,15.41,0,15.41
01/11/2023,00,15,New York Metro,Philadelphia Tri-State,090,NorthWest - Wayne 2,MtArlington,090103,1,4,null,900,0,900,0
01/11/2023,00,15,New York Metro,Philadelphia Tri-State,090,NorthWest - Wayne 2,MtArlington,090103,2,1,5230,0,8.15,0,8.15
01/11/2023,00,15,New York Metro,Philadelphia Tri-State,090,NorthWest - Wayne 2,MtArlington,090103,2,2,2050,0,18.15,0,18.15
01/11/2023,00,15,New York Metro,Philadelphia Tri-State,090,NorthWest - Wayne 2,MtArlington,090103,2,4,null,900,0,900,0
01/11/2023,00,15,New York Metro,Philadelphia Tri-State,090,NorthWest - Wayne 2,MtArlington,090103,3,1,5230,0,10.9,0,10.9
01/11/2023,00,15,New York Metro,Philadelphia Tri-State,090,NorthWest - Wayne 2,MtArlington,090103,3,2,2050,0,92.1,0,92.1
01/11/2023,00,15,New York Metro,Philadelphia Tri-State,090,NorthWest - Wayne 2,MtArlington,090103,3,4,null,900,0,900,0
01/11/2023,00,30,New York Metro,Philadelphia Tri-State,090,NorthWest - Wayne 2,MtArlington,090103,1,1,5230,0,7.88,0,7.88
01/11/2023,00,30,New York Metro,Philadelphia Tri-State,090,NorthWest - Wayne 2,MtArlington,090103,1,2,2050,0,16.92,0,16.92
01/11/2023,00,30,New York Metro,Philadelphia Tri-State,090,NorthWest - Wayne 2,MtArlington,090103,1,4,null,900,0,900,0
01/11/2023,00,30,New York Metro,Philadelphia Tri-State,090,NorthWest - Wayne 2,MtArlington,090103,2,1,5230,0,8,0,8
01/11/2023,00,30,New York Metro,Philadelphia Tri-State,090,NorthWest - Wayne 2,MtArlington,090103,2,2,2050,0,19,0,19
01/11/2023,00,30,New York Metro,Philadelphia Tri-State,090,NorthWest - Wayne 2,MtArlington,090103,2,4,null,900,0,900,0
01/11/2023,00,30,New York Metro,Philadelphia Tri-State,090,NorthWest - Wayne 2,MtArlington,090103,3,1,5230,0,8.18,0,8.18
01/11/2023,00,30,New York Metro,Philadelphia Tri-State,090,NorthWest - Wayne 2,MtArlington,090103,3,2,2050,0,92.88,0,92.88
01/11/2023,00,30,New York Metro,Philadelphia Tri-State,090,NorthWest - Wayne 2,MtArlington,090103,3,4,null,900,0,900,0
01/11/2023,00,45,New York Metro,Philadelphia Tri-State,090,NorthWest - Wayne 2,MtArlington,090103,1,1,5230,0,7.77,0,7.77
01/11/2023,00,45,New York Metro,Philadelphia Tri-State,090,NorthWest - Wayne 2,MtArlington,090103,1,2,2050,0,15.81,0,15.81
01/11/2023,00,45,New York Metro,Philadelphia Tri-State,090,NorthWest - Wayne 2,MtArlington,090103,1,4,null,900,0,900,0
01/11/2023,00,45,New York Metro,Philadelphia Tri-State,090,NorthWest - Wayne 2,MtArlington,090103,2,1,5230,0,6.56,0,6.56
01/11/2023,00,45,New York Metro,Philadelphia Tri-State,090,NorthWest - Wayne 2,MtArlington,090103,2,2,2050,0,14.81,0,14.81
01/11/2023,00,45,New York Metro,Philadelphia Tri-State,090,NorthWest - Wayne 2,MtArlington,090103,2,4,null,900,0,900,0
01/11/2023,00,45,New York Metro,Philadelphia Tri-State,090,NorthWest - Wayne 2,MtArlington,090103,3,1,5230,0,7.74,0,7.74
01/11/2023,00,45,New York Metro,Philadelphia Tri-State,090,NorthWest - Wayne 2,MtArlington,090103,3,2,2050,0,85.07,0,85.07
01/11/2023,00,45,New York Metro,Philadelphia Tri-State,090,NorthWest - Wayne 2,MtArlington,090103,3,4,null,900,0,900,0
01/11/2023,01,00,New York Metro,Philadelphia Tri-State,090,NorthWest - Wayne 2,MtArlington,090103,1,1,5230,0,6.07,0,6.07
01/11/2023,01,00,New York Metro,Philadelphia Tri-State,090,NorthWest - Wayne 2,MtArlington,090103,1,2,2050,0,16.25,0,16.25
01/11/2023,01,00,New York Metro,Philadelphia Tri-State,090,NorthWest - Wayne 2,MtArlington,090103,1,4,null,900,0,900,0
01/11/2023,01,00,New York Metro,Philadelphia Tri-State,090,NorthWest - Wayne 2,MtArlington,090103,2,1,5230,0,5.72,0,5.72
01/11/2023,01,00,New York Metro,Philadelphia Tri-State,090,NorthWest - Wayne 2,MtArlington,090103,2,2,2050,0,15.08,0,15.08
01/11/2023,01,00,New York Metro,Philadelphia Tri-State,090,NorthWest - Wayne 2,MtArlington,090103,2,4,null,900,0,900,0
01/11/2023,01,00,New York Metro,Philadelphia Tri-State,090,NorthWest - Wayne 2,MtArlington,090103,3,1,5230,0,8.21,0,8.21
01/11/2023,01,00,New York Metro,Philadelphia Tri-State,090,NorthWest - Wayne 2,MtArlington,090103,3,2,2050,0,84.39,0,84.39
01/11/2023,01,00,New York Metro,Philadelphia Tri-State,090,NorthWest - Wayne 2,MtArlington,090103,3,4,null,900,0,900,0
01/11/2023,01,15,New York Metro,Philadelphia Tri-State,090,NorthWest - Wayne 2,MtArlington,090103,1,1,5230,0,6.05,0,6.05
01/11/2023,01,15,New York Metro,Philadelphia Tri-State,090,NorthWest - Wayne 2,MtArlington,090103,1,2,2050,0,13.35,0,13.35
01/11/2023,01,15,New York Metro,Philadelphia Tri-State,090,NorthWest - Wayne 2,MtArlington,090103,1,4,null,900,0,900,0
01/11/2023,01,15,New York Metro,Philadelphia Tri-State,090,NorthWest - Wayne 2,MtArlington,090103,2,1,5230,0,5.35,0,5.35
01/11/2023,01,15,New York Metro,Philadelphia Tri-State,090,NorthWest - Wayne 2,MtArlington,090103,2,2,2050,0,14.79,0,14.79
01/11/2023,01,15,New York Metro,Philadelphia Tri-State,090,NorthWest - Wayne 2,MtArlington,090103,2,4,null,900,0,900,0
01/11/2023,01,15,New York Metro,Philadelphia Tri-State,090,NorthWest - Wayne 2,MtArlington,090103,3,1,5230,0,8.96,0,8.96
01/11/2023,01,15,New York Metro,Philadelphia Tri-State,090,NorthWest - Wayne 2,MtArlington,090103,3,2,2050,0,87.64,0,87.64
01/11/2023,01,15,New York Metro,Philadelphia Tri-State,090,NorthWest - Wayne 2,MtArlington,090103,3,4,null,900,0,900,0
01/11/2023,01,30,New York Metro,Philadelphia Tri-State,090,NorthWest - Wayne 2,MtArlington,090103,1,1,5230,0,5.64,0,5.64
01/11/2023,01,30,New York Metro,Philadelphia Tri-State,090,NorthWest - Wayne 2,MtArlington,090103,1,2,2050,0,13.41,0,13.41
01/11/2023,01,30,New York Metro,Philadelphia Tri-State,090,NorthWest - Wayne 2,MtArlington,090103,1,4,null,900,0,900,0
01/11/2023,01,30,New York Metro,Philadelphia Tri-State,090,NorthWest - Wayne 2,MtArlington,090103,2,1,5230,0,5.71,0,5.71
01/11/2023,01,30,New York Metro,Philadelphia Tri-State,090,NorthWest - Wayne 2,MtArlington,090103,2,2,2050,0,12.66,0,12.66
01/11/2023,01,30,New York Metro,Philadelphia Tri-State,090,NorthWest - Wayne 2,MtArlington,090103,2,4,null,900,0,900,0
01/11/2023,01,30,New York Metro,Philadelphia Tri-State,090,NorthWest - Wayne 2,MtArlington,090103,3,1,5230,0,8.98,0,8.98
01/11/2023,01,30,New York Metro,Philadelphia Tri-State,090,NorthWest - Wayne 2,MtArlington,090103,3,2,2050,0,85.04,0,85.04
01/11/2023,01,30,New York Metro,Philadelphia Tri-State,090,NorthWest - Wayne 2,MtArlington,090103,3,4,null,900,0,900,0
01/11/2023,01,45,New York Metro,Philadelphia Tri-State,090,NorthWest - Wayne 2,MtArlington,090103,1,1,5230,0,5.87,0,5.87
01/11/2023,01,45,New York Metro,Philadelphia Tri-State,090,NorthWest - Wayne 2,MtArlington,090103,1,2,2050,0,13.39,0,13.39
01/11/2023,01,45,New York Metro,Philadelphia Tri-State,090,NorthWest - Wayne 2,MtArlington,090103,1,4,null,900,0,900,0
01/11/2023,01,45,New York Metro,Philadelphia Tri-State,090,NorthWest - Wayne 2,MtArlington,090103,2,1,5230,0,4.96,0,4.96
01/11/2023,01,45,New York Metro,Philadelphia Tri-State,090,NorthWest - Wayne 2,MtArlington,090103,2,2,2050,0,12.54,0,12.54
01/11/2023,01,45,New York Metro,Philadelphia Tri-State,090,NorthWest - Wayne 2,MtArlington,090103,2,4,null,900,0,900,0
01/11/2023,01,45,New York Metro,Philadelphia Tri-State,090,NorthWest - Wayne 2,MtArlington,090103,3,1,5230,0,9.07,0,9.07
01/11/2023,01,45,New York Metro,Philadelphia Tri-State,090,NorthWest - Wayne 2,MtArlington,090103,3,2,2050,0,86.82,0,86.82
01/11/2023,01,45,New York Metro,Philadelphia Tri-State,090,NorthWest - Wayne 2,MtArlington,090103,3,4,null,900,0,900,0
01/11/2023,02,00,New York Metro,Philadelphia Tri-State,090,NorthWest - Wayne 2,MtArlington,090103,1,1,5230,0,6.9,0,6.9
01/11/2023,02,00,New York Metro,Philadelphia Tri-State,090,NorthWest - Wayne 2,MtArlington,090103,1,2,2050,0,12.91,0,12.91
01/11/2023,02,00,New York Metro,Philadelphia Tri-State,090,NorthWest - Wayne 2,MtArlington,090103,1,4,null,900,0,900,0
01/11/2023,02,00,New York Metro,Philadelphia Tri-State,090,NorthWest - Wayne 2,MtArlington,090103,2,1,5230,0,5.03,0,5.03
01/11/2023,02,00,New York Metro,Philadelphia Tri-State,090,NorthWest - Wayne 2,MtArlington,090103,2,2,2050,0,13.13,0,13.13
01/11/2023,02,00,New York Metro,Philadelphia Tri-State,090,NorthWest - Wayne 2,MtArlington,090103,2,4,null,900,0,900,0
01/11/2023,02,00,New York Metro,Philadelphia Tri-State,090,NorthWest - Wayne 2,MtArlington,090103,3,1,5230,0,10,0,10
01/11/2023,02,00,New York Metro,Philadelphia Tri-State,090,NorthWest - Wayne 2,MtArlington,090103,3,2,2050,0,83.12,0,83.12
01/11/2023,02,00,New York Metro,Philadelphia Tri-State,090,NorthWest - Wayne 2,MtArlington,090103,3,4,null,900,0,900,0
01/11/2023,02,15,New York Metro,Philadelphia Tri-State,090,NorthWest - Wayne 2,MtArlington,090103,1,1,5230,0,7.16,0,7.16
01/11/2023,02,15,New York Metro,Philadelphia Tri-State,090,NorthWest - Wayne 2,MtArlington,090103,1,2,2050,0,11.78,0,11.78
01/11/2023,02,15,New York Metro,Philadelphia Tri-State,090,NorthWest - Wayne 2,MtArlington,090103,1,4,null,900,0,900,0
01/11/2023,02,15,New York Metro,Philadelphia Tri-State,090,NorthWest - Wayne 2,MtArlington,090103,2,1,5230,0,5.96,0,5.96
01/11/2023,02,15,New York Metro,Philadelphia Tri-State,090,NorthWest - Wayne 2,MtArlington,090103,2,2,2050,0,13.57,0,13.57
01/11/2023,02,15,New York Metro,Philadelphia Tri-State,090,NorthWest - Wayne 2,MtArlington,090103,2,4,null,900,0,900,0
01/11/2023,02,15,New York Metro,Philadelphia Tri-State,090,NorthWest - Wayne 2,MtArlington,090103,3,1,5230,0,10.49,0,10.49
01/11/2023,02,15,New York Metro,Philadelphia Tri-State,090,NorthWest - Wayne 2,MtArlington,090103,3,2,2050,0,82.03,0,82.03
01/11/2023,02,15,New York Metro,Philadelphia Tri-State,090,NorthWest - Wayne 2,MtArlington,090103,3,4,null,900,0,900,0
01/11/2023,02,30,New York Metro,Philadelphia Tri-State,090,NorthWest - Wayne 2,MtArlington,090103,1,1,5230,0,6.83,0,6.83
01/11/2023,02,30,New York Metro,Philadelphia Tri-State,090,NorthWest - Wayne 2,MtArlington,090103,1,2,2050,0,12.61,0,12.61
01/11/2023,02,30,New York Metro,Philadelphia Tri-State,090,NorthWest - Wayne 2,MtArlington,090103,1,4,null,900,0,900,0
01/11/2023,02,30,New York Metro,Philadelphia Tri-State,090,NorthWest - Wayne 2,MtArlington,090103,2,1,5230,0,5.34,0,5.34
01/11/2023,02,30,New York Metro,Philadelphia Tri-State,090,NorthWest - Wayne 2,MtArlington,090103,2,2,2050,0,14.16,0,14.16
01/11/2023,02,30,New York Metro,Philadelphia Tri-State,090,NorthWest - Wayne 2,MtArlington,090103,2,4,null,900,0,900,0
01/11/2023,02,30,New York Metro,Philadelphia Tri-State,090,NorthWest - Wayne 2,MtArlington,090103,3,1,5230,0,10.28,0,10.28
01/11/2023,02,30,New York Metro,Philadelphia Tri-State,090,NorthWest - Wayne 2,MtArlington,090103,3,2,2050,0,80.28,0,80.28
01/11/2023,02,30,New York Metro,Philadelphia Tri-State,090,NorthWest - Wayne 2,MtArlington,090103,3,4,null,900,0,900,0
01/11/2023,02,45,New York Metro,Philadelphia Tri-State,090,NorthWest - Wayne 2,MtArlington,090103,1,1,5230,0,6.14,0,6.14
01/11/2023,02,45,New York Metro,Philadelphia Tri-State,090,NorthWest - Wayne 2,MtArlington,090103,1,2,2050,0,14.69,0,14.69
01/11/2023,02,45,New York Metro,Philadelphia Tri-State,090,NorthWest - Wayne 2,MtArlington,090103,1,4,null,900,0,900,0
01/11/2023,02,45,New York Metro,Philadelphia Tri-State,090,NorthWest - Wayne 2,MtArlington,090103,2,1,5230,0,6,0,6
01/11/2023,02,45,New York Metro,Philadelphia Tri-State,090,NorthWest - Wayne 2,MtArlington,090103,2,2,2050,0,16.15,0,16.15
01/11/2023,02,45,New York Metro,Philadelphia Tri-State,090,NorthWest - Wayne 2,MtArlington,090103,2,4,null,900,0,900,0
01/11/2023,02,45,New York Metro,Philadelphia Tri-State,090,NorthWest - Wayne 2,MtArlington,090103,3,1,5230,0,11.27,0,11.27
01/11/2023,02,45,New York Metro,Philadelphia Tri-State,090,NorthWest - Wayne 2,MtArlington,090103,3,2,2050,0,79.76,0,79.76
01/11/2023,02,45,New York Metro,Philadelphia Tri-State,090,NorthWest - Wayne 2,MtArlington,090103,3,4,null,900,0,900,0
01/11/2023,03,00,New York Metro,Philadelphia Tri-State,090,NorthWest - Wayne 2,MtArlington,090103,1,1,5230,0,5.47,0,5.47
01/11/2023,03,00,New York Metro,Philadelphia Tri-State,090,NorthWest - Wayne 2,MtArlington,090103,1,2,2050,0,12.68,0,12.68
01/11/2023,03,00,New York Metro,Philadelphia Tri-State,090,NorthWest - Wayne 2,MtArlington,090103,1,4,null,900,0,900,0
01/11/2023,03,00,New York Metro,Philadelphia Tri-State,090,NorthWest - Wayne 2,MtArlington,090103,2,1,5230,0,5.67,0,5.67
01/11/2023,03,00,New York Metro,Philadelphia Tri-State,090,NorthWest - Wayne 2,MtArlington,090103,2,2,2050,0,14.96,0,14.96
01/11/2023,03,00,New York Metro,Philadelphia Tri-State,090,NorthWest - Wayne 2,MtArlington,090103,2,4,null,900,0,900,0
01/11/2023,03,00,New York Metro,Philadelphia Tri-State,090,NorthWest - Wayne 2,MtArlington,090103,3,1,5230,0,10.28,0,10.28
01/11/2023,03,00,New York Metro,Philadelphia Tri-State,090,NorthWest - Wayne 2,MtArlington,090103,3,2,2050,0,80.34,0,80.34
01/11/2023,03,00,New York Metro,Philadelphia Tri-State,090,NorthWest - Wayne 2,MtArlington,090103,3,4,null,900,0,900,0
01/11/2023,03,15,New York Metro,Philadelphia Tri-State,090,NorthWest - Wayne 2,MtArlington,090103,1,1,5230,0,5.41,0,5.41
01/11/2023,03,15,New York Metro,Philadelphia Tri-State,090,NorthWest - Wayne 2,MtArlington,090103,1,2,2050,0,11.77,0,11.77
01/11/2023,03,15,New York Metro,Philadelphia Tri-State,090,NorthWest - Wayne 2,MtArlington,090103,1,4,null,900,0,900,0
01/11/2023,03,15,New York Metro,Philadelphia Tri-State,090,NorthWest - Wayne 2,MtArlington,090103,2,1,5230,0,5.82,0,5.82
01/11/2023,03,15,New York Metro,Philadelphia Tri-State,090,NorthWest - Wayne 2,MtArlington,090103,2,2,2050,0,15.02,0,15.02
01/11/2023,03,15,New York Metro,Philadelphia Tri-State,090,NorthWest - Wayne 2,MtArlington,090103,2,4,null,900,0,900,0
01/11/2023,03,15,New York Metro,Philadelphia Tri-State,090,NorthWest - Wayne 2,MtArlington,090103,3,1,5230,0,9.83,0,9.83
01/11/2023,03,15,New York Metro,Philadelphia Tri-State,090,NorthWest - Wayne 2,MtArlington,090103,3,2,2050,0,76.21,0,76.21
01/11/2023,03,15,New York Metro,Philadelphia Tri-State,090,NorthWest - Wayne 2,MtArlington,090103,3,4,null,900,0,900,0
01/11/2023,03,30,New York Metro,Philadelphia Tri-State,090,NorthWest - Wayne 2,MtArlington,090103,1,1,5230,0,5.8,0,5.8
01/11/2023,03,30,New York Metro,Philadelphia Tri-State,090,NorthWest - Wayne 2,MtArlington,090103,1,2,2050,0,11.8,0,11.8
01/11/2023,03,30,New York Metro,Philadelphia Tri-State,090,NorthWest - Wayne 2,MtArlington,090103,1,4,null,900,0,900,0
01/11/2023,03,30,New York Metro,Philadelphia Tri-State,090,NorthWest - Wayne 2,MtArlington,090103,2,1,5230,0,4.97,0,4.97
01/11/2023,03,30,New York Metro,Philadelphia Tri-State,090,NorthWest - Wayne 2,MtArlington,090103,2,2,2050,0,14.52,0,14.52
01/11/2023,03,30,New York Metro,Philadelphia Tri-State,090,NorthWest - Wayne 2,MtArlington,090103,2,4,null,900,0,900,0
01/11/2023,03,30,New York Metro,Philadelphia Tri-State,090,NorthWest - Wayne 2,MtArlington,090103,3,1,5230,0,10.08,0,10.08
01/11/2023,03,30,New York Metro,Philadelphia Tri-State,090,NorthWest - Wayne 2,MtArlington,090103,3,2,2050,0,73.88,0,73.88
01/11/2023,03,30,New York Metro,Philadelphia Tri-State,090,NorthWest - Wayne 2,MtArlington,090103,3,4,null,900,0,900,0
01/11/2023,03,45,New York Metro,Philadelphia Tri-State,090,NorthWest - Wayne 2,MtArlington,090103,1,1,5230,0,6.81,0,6.81
01/11/2023,03,45,New York Metro,Philadelphia Tri-State,090,NorthWest - Wayne 2,MtArlington,090103,1,2,2050,0,11.1,0,11.1
01/11/2023,03,45,New York Metro,Philadelphia Tri-State,090,NorthWest - Wayne 2,MtArlington,090103,1,4,null,900,0,900,0
01/11/2023,03,45,New York Metro,Philadelphia Tri-State,090,NorthWest - Wayne 2,MtArlington,090103,2,1,5230,0,4.7,0,4.7
01/11/2023,03,45,New York Metro,Philadelphia Tri-State,090,NorthWest - Wayne 2,MtArlington,090103,2,2,2050,0,14.8,0,14.8
01/11/2023,03,45,New York Metro,Philadelphia Tri-State,090,NorthWest - Wayne 2,MtArlington,090103,2,4,null,900,0,900,0
01/11/2023,03,45,New York Metro,Philadelphia Tri-State,090,NorthWest - Wayne 2,MtArlington,090103,3,1,5230,0,9.07,0,9.07
01/11/2023,03,45,New York Metro,Philadelphia Tri-State,090,NorthWest - Wayne 2,MtArlington,090103,3,2,2050,0,74.44,0,74.44
01/11/2023,03,45,New York Metro,Philadelphia Tri-State,090,NorthWest - Wayne 2,MtArlington,090103,3,4,null,900,0,900,0
01/11/2023,04,00,New York Metro,Philadelphia Tri-State,090,NorthWest - Wayne 2,MtArlington,090103,1,1,5230,0,6.25,0,6.25
01/11/2023,04,00,New York Metro,Philadelphia Tri-State,090,NorthWest - Wayne 2,MtArlington,090103,1,2,2050,0,11.57,0,11.57
01/11/2023,04,00,New York Metro,Philadelphia Tri-State,090,NorthWest - Wayne 2,MtArlington,090103,1,4,null,900,0,900,0
01/11/2023,04,00,New York Metro,Philadelphia Tri-State,090,NorthWest - Wayne 2,MtArlington,090103,2,1,5230,0,4.07,0,4.07
01/11/2023,04,00,New York Metro,Philadelphia Tri-State,090,NorthWest - Wayne 2,MtArlington,090103,2,2,2050,0,14.26,0,14.26
01/11/2023,04,00,New York Metro,Philadelphia Tri-State,090,NorthWest - Wayne 2,MtArlington,090103,2,4,null,900,0,900,0
01/11/2023,04,00,New York Metro,Philadelphia Tri-State,090,NorthWest - Wayne 2,MtArlington,090103,3,1,5230,0,14.85,0,14.85
01/11/2023,04,00,New York Metro,Philadelphia Tri-State,090,NorthWest - Wayne 2,MtArlington,090103,3,2,2050,0,74.18,0,74.18
01/11/2023,04,00,New York Metro,Philadelphia Tri-State,090,NorthWest - Wayne 2,MtArlington,090103,3,4,null,900,0,900,0
01/11/2023,04,15,New York Metro,Philadelphia Tri-State,090,NorthWest - Wayne 2,MtArlington,090103,1,1,5230,0,6.15,0,6.15
01/11/2023,04,15,New York Metro,Philadelphia Tri-State,090,NorthWest - Wayne 2,MtArlington,090103,1,2,2050,0,12.1,0,12.1
01/11/2023,04,15,New York Metro,Philadelphia Tri-State,090,NorthWest - Wayne 2,MtArlington,090103,1,4,null,900,0,900,0
01/11/2023,04,15,New York Metro,Philadelphia Tri-State,090,NorthWest - Wayne 2,MtArlington,090103,2,1,5230,0,4.64,0,4.64
01/11/2023,04,15,New York Metro,Philadelphia Tri-State,090,NorthWest - Wayne 2,MtArlington,090103,2,2,2050,0,15.74,0,15.74
01/11/2023,04,15,New York Metro,Philadelphia Tri-State,090,NorthWest - Wayne 2,MtArlington,090103,2,4,null,900,0,900,0
01/11/2023,04,15,New York Metro,Philadelphia Tri-State,090,NorthWest - Wayne 2,MtArlington,090103,3,1,5230,0,9.64,0,9.64
01/11/2023,04,15,New York Metro,Philadelphia Tri-State,090,NorthWest - Wayne 2,MtArlington,090103,3,2,2050,0,72.74,0,72.74
01/11/2023,04,15,New York Metro,Philadelphia Tri-State,090,NorthWest - Wayne 2,MtArlington,090103,3,4,null,900,0,900,0
01/11/2023,04,30,New York Metro,Philadelphia Tri-State,090,NorthWest - Wayne 2,MtArlington,090103,1,1,5230,0,6.68,0,6.68
01/11/2023,04,30,New York Metro,Philadelphia Tri-State,090,NorthWest - Wayne 2,MtArlington,090103,1,2,2050,0,14.68,0,14.68
01/11/2023,04,30,New York Metro,Philadelphia Tri-State,090,NorthWest - Wayne 2,MtArlington,090103,1,4,null,900,0,900,0
01/11/2023,04,30,New York Metro,Philadelphia Tri-State,090,NorthWest - Wayne 2,MtArlington,090103,2,1,5230,0,4.98,0,4.98
01/11/2023,04,30,New York Metro,Philadelphia Tri-State,090,NorthWest - Wayne 2,MtArlington,090103,2,2,2050,0,17.42,0,17.42
01/11/2023,04,30,New York Metro,Philadelphia Tri-State,090,NorthWest - Wayne 2,MtArlington,090103,2,4,null,900,0,900,0
01/11/2023,04,30,New York Metro,Philadelphia Tri-State,090,NorthWest - Wayne 2,MtArlington,090103,3,1,5230,0,8.55,0,8.55
01/11/2023,04,30,New York Metro,Philadelphia Tri-State,090,NorthWest - Wayne 2,MtArlington,090103,3,2,2050,0,69.51,0,69.51
01/11/2023,04,30,New York Metro,Philadelphia Tri-State,090,NorthWest - Wayne 2,MtArlington,090103,3,4,null,900,0,900,0
01/11/2023,04,45,New York Metro,Philadelphia Tri-State,090,NorthWest - Wayne 2,MtArlington,090103,1,1,5230,0,6.58,0,6.58
01/11/2023,04,45,New York Metro,Philadelphia Tri-State,090,NorthWest - Wayne 2,MtArlington,090103,1,2,2050,0,15.59,0,15.59
01/11/2023,04,45,New York Metro,Philadelphia Tri-State,090,NorthWest - Wayne 2,MtArlington,090103,1,4,null,900,0,900,0
01/11/2023,04,45,New York Metro,Philadelphia Tri-State,090,NorthWest - Wayne 2,MtArlington,090103,2,1,5230,0,4.71,0,4.71
01/11/2023,04,45,New York Metro,Philadelphia Tri-State,090,NorthWest - Wayne 2,MtArlington,090103,2,2,2050,0,18.07,0,18.07
01/11/2023,04,45,New York Metro,Philadelphia Tri-State,090,NorthWest - Wayne 2,MtArlington,090103,2,4,null,900,0,900,0
01/11/2023,04,45,New York Metro,Philadelphia Tri-State,090,NorthWest - Wayne 2,MtArlington,090103,3,1,5230,0,8.66,0,8.66
01/11/2023,04,45,New York Metro,Philadelphia Tri-State,090,NorthWest - Wayne 2,MtArlington,090103,3,2,2050,0,76.15,0,76.15
01/11/2023,04,45,New York Metro,Philadelphia Tri-State,090,NorthWest - Wayne 2,MtArlington,090103,3,4,null,900,0,900,0
01/11/2023,05,00,New York Metro,Philadelphia Tri-State,090,NorthWest - Wayne 2,MtArlington,090103,1,1,5230,0,5.99,0,5.99
01/11/2023,05,00,New York Metro,Philadelphia Tri-State,090,NorthWest - Wayne 2,MtArlington,090103,1,2,2050,0,13.66,0,13.66
01/11/2023,05,00,New York Metro,Philadelphia Tri-State,090,NorthWest - Wayne 2,MtArlington,090103,1,4,null,900,0,900,0
01/11/2023,05,00,New York Metro,Philadelphia Tri-State,090,NorthWest - Wayne 2,MtArlington,090103,2,1,5230,0,5.9,0,5.9
01/11/2023,05,00,New York Metro,Philadelphia Tri-State,090,NorthWest - Wayne 2,MtArlington,090103,2,2,2050,0,16.81,0,16.81
01/11/2023,05,00,New York Metro,Philadelphia Tri-State,090,NorthWest - Wayne 2,MtArlington,090103,2,4,null,900,0,900,0
01/11/2023,05,00,New York Metro,Philadelphia Tri-State,090,NorthWest - Wayne 2,MtArlington,090103,3,1,5230,0,10.33,0,10.33
01/11/2023,05,00,New York Metro,Philadelphia Tri-State,090,NorthWest - Wayne 2,MtArlington,090103,3,2,2050,0,79.59,0,79.59
01/11/2023,05,00,New York Metro,Philadelphia Tri-State,090,NorthWest - Wayne 2,MtArlington,090103,3,4,null,900,0,900,0
01/11/2023,05,15,New York Metro,Philadelphia Tri-State,090,NorthWest - Wayne 2,MtArlington,090103,1,1,5230,0,6.33,0,6.33
01/11/2023,05,15,New York Metro,Philadelphia Tri-State,090,NorthWest - Wayne 2,MtArlington,090103,1,2,2050,0,14.31,0,14.31
01/11/2023,05,15,New York Metro,Philadelphia Tri-State,090,NorthWest - Wayne 2,MtArlington,090103,1,4,null,900,0,900,0
01/11/2023,05,15,New York Metro,Philadelphia Tri-State,090,NorthWest - Wayne 2,MtArlington,090103,2,1,5230,0,6.03,0,6.03
01/11/2023,05,15,New York Metro,Philadelphia Tri-State,090,NorthWest - Wayne 2,MtArlington,090103,2,2,2050,0,18.04,0,18.04
01/11/2023,05,15,New York Metro,Philadelphia Tri-State,090,NorthWest - Wayne 2,MtArlington,090103,2,4,null,900,0,900,0
01/11/2023,05,15,New York Metro,Philadelphia Tri-State,090,NorthWest - Wayne 2,MtArlington,090103,3,1,5230,0,10.13,0,10.13
01/11/2023,05,15,New York Metro,Philadelphia Tri-State,090,NorthWest - Wayne 2,MtArlington,090103,3,2,2050,0,78.2,0,78.2
01/11/2023,05,15,New York Metro,Philadelphia Tri-State,090,NorthWest - Wayne 2,MtArlington,090103,3,4,null,900,0,900,0
01/11/2023,05,30,New York Metro,Philadelphia Tri-State,090,NorthWest - Wayne 2,MtArlington,090103,1,1,5230,0,6.69,0,6.69
01/11/2023,05,30,New York Metro,Philadelphia Tri-State,090,NorthWest - Wayne 2,MtArlington,090103,1,2,2050,0,13.93,0,13.93
01/11/2023,05,30,New York Metro,Philadelphia Tri-State,090,NorthWest - Wayne 2,MtArlington,090103,1,4,null,900,0,900,0
01/11/2023,05,30,New York Metro,Philadelphia Tri-State,090,NorthWest - Wayne 2,MtArlington,090103,2,1,5230,0,6.81,0,6.81
01/11/2023,05,30,New York Metro,Philadelphia Tri-State,090,NorthWest - Wayne 2,MtArlington,090103,2,2,2050,0,17.26,0,17.26
01/11/2023,05,30,New York Metro,Philadelphia Tri-State,090,NorthWest - Wayne 2,MtArlington,090103,2,4,null,900,0,900,0
01/11/2023,05,30,New York Metro,Philadelphia Tri-State,090,NorthWest - Wayne 2,MtArlington,090103,3,1,5230,0,10.61,0,10.61
01/11/2023,05,30,New York Metro,Philadelphia Tri-State,090,NorthWest - Wayne 2,MtArlington,090103,3,2,2050,0,73.15,0,73.15
01/11/2023,05,30,New York Metro,Philadelphia Tri-State,090,NorthWest - Wayne 2,MtArlington,090103,3,4,null,900,0,900,0
01/11/2023,05,45,New York Metro,Philadelphia Tri-State,090,NorthWest - Wayne 2,MtArlington,090103,1,1,5230,0,5.81,0,5.81
01/11/2023,05,45,New York Metro,Philadelphia Tri-State,090,NorthWest - Wayne 2,MtArlington,090103,1,2,2050,0,16.1,0,16.1
01/11/2023,05,45,New York Metro,Philadelphia Tri-State,090,NorthWest - Wayne 2,MtArlington,090103,1,4,null,900,0,900,0
01/11/2023,05,45,New York Metro,Philadelphia Tri-State,090,NorthWest - Wayne 2,MtArlington,090103,2,1,5230,0,7.34,0,7.34
01/11/2023,05,45,New York Metro,Philadelphia Tri-State,090,NorthWest - Wayne 2,MtArlington,090103,2,2,2050,0,18.3,0,18.3
01/11/2023,05,45,New York Metro,Philadelphia Tri-State,090,NorthWest - Wayne 2,MtArlington,090103,2,4,null,900,0,900,0
01/11/2023,05,45,New York Metro,Philadelphia Tri-State,090,NorthWest - Wayne 2,MtArlington,090103,3,1,5230,0,10.61,0,10.61
01/11/2023,05,45,New York Metro,Philadelphia Tri-State,090,NorthWest - Wayne 2,MtArlington,090103,3,2,2050,0,77.22,0,77.22
01/11/2023,05,45,New York Metro,Philadelphia Tri-State,090,NorthWest - Wayne 2,MtArlington,090103,3,4,null,900,0,900,0
01/11/2023,06,00,New York Metro,Philadelphia Tri-State,090,NorthWest - Wayne 2,MtArlington,090103,1,1,5230,0,7.06,0,7.06
01/11/2023,06,00,New York Metro,Philadelphia Tri-State,090,NorthWest - Wayne 2,MtArlington,090103,1,2,2050,0,15.21,0,15.21
01/11/2023,06,00,New York Metro,Philadelphia Tri-State,090,NorthWest - Wayne 2,MtArlington,090103,1,4,null,900,0,900,0
01/11/2023,06,00,New York Metro,Philadelphia Tri-State,090,NorthWest - Wayne 2,MtArlington,090103,2,1,5230,0,7.98,0,7.98
01/11/2023,06,00,New York Metro,Philadelphia Tri-State,090,NorthWest - Wayne 2,MtArlington,090103,2,2,2050,0,17.13,0,17.13
01/11/2023,06,00,New York Metro,Philadelphia Tri-State,090,NorthWest - Wayne 2,MtArlington,090103,2,4,null,900,0,900,0
01/11/2023,06,00,New York Metro,Philadelphia Tri-State,090,NorthWest - Wayne 2,MtArlington,090103,3,1,5230,0,13.19,0,13.19
01/11/2023,06,00,New York Metro,Philadelphia Tri-State,090,NorthWest - Wayne 2,MtArlington,090103,3,2,2050,0,84.88,0,84.88
01/11/2023,06,00,New York Metro,Philadelphia Tri-State,090,NorthWest - Wayne 2,MtArlington,090103,3,4,null,900,0,900,0
01/11/2023,06,15,New York Metro,Philadelphia Tri-State,090,NorthWest - Wayne 2,MtArlington,090103,1,1,5230,0,7.48,0,7.48
01/11/2023,06,15,New York Metro,Philadelphia Tri-State,090,NorthWest - Wayne 2,MtArlington,090103,1,2,2050,0,14.12,0,14.12
01/11/2023,06,15,New York Metro,Philadelphia Tri-State,090,NorthWest - Wayne 2,MtArlington,090103,1,4,null,900,0,900,0
01/11/2023,06,15,New York Metro,Philadelphia Tri-State,090,NorthWest - Wayne 2,MtArlington,090103,2,1,5230,0,8.3,0,8.3
01/11/2023,06,15,New York Metro,Philadelphia Tri-State,090,NorthWest - Wayne 2,MtArlington,090103,2,2,2050,0,20.76,0,20.76
01/11/2023,06,15,New York Metro,Philadelphia Tri-State,090,NorthWest - Wayne 2,MtArlington,090103,2,4,null,900,0,900,0
01/11/2023,06,15,New York Metro,Philadelphia Tri-State,090,NorthWest - Wayne 2,MtArlington,090103,3,1,5230,0,12.74,0,12.74
01/11/2023,06,15,New York Metro,Philadelphia Tri-State,090,NorthWest - Wayne 2,MtArlington,090103,3,2,2050,0,78.86,0,78.86
01/11/2023,06,15,New York Metro,Philadelphia Tri-State,090,NorthWest - Wayne 2,MtArlington,090103,3,4,null,900,0,900,0
01/11/2023,06,30,New York Metro,Philadelphia Tri-State,090,NorthWest - Wayne 2,MtArlington,090103,1,1,5230,0,10,0,10
01/11/2023,06,30,New York Metro,Philadelphia Tri-State,090,NorthWest - Wayne 2,MtArlington,090103,1,2,2050,0,14.41,0,14.41
01/11/2023,06,30,New York Metro,Philadelphia Tri-State,090,NorthWest - Wayne 2,MtArlington,090103,1,4,null,900,0,900,0
01/11/2023,06,30,New York Metro,Philadelphia Tri-State,090,NorthWest - Wayne 2,MtArlington,090103,2,1,5230,0,10.19,0,10.19
01/11/2023,06,30,New York Metro,Philadelphia Tri-State,090,NorthWest - Wayne 2,MtArlington,090103,2,2,2050,0,21.18,0,21.18
01/11/2023,06,30,New York Metro,Philadelphia Tri-State,090,NorthWest - Wayne 2,MtArlington,090103,2,4,null,900,0,900,0
01/11/2023,06,30,New York Metro,Philadelphia Tri-State,090,NorthWest - Wayne 2,MtArlington,090103,3,1,5230,0,15.28,0,15.28
01/11/2023,06,30,New York Metro,Philadelphia Tri-State,090,NorthWest - Wayne 2,MtArlington,090103,3,2,2050,0,92.11,0,92.11
01/11/2023,06,30,New York Metro,Philadelphia Tri-State,090,NorthWest - Wayne 2,MtArlington,090103,3,4,null,900,0,900,0
01/11/2023,06,45,New York Metro,Philadelphia Tri-State,090,NorthWest - Wayne 2,MtArlington,090103,1,1,5230,0,10.47,0,10.47
01/11/2023,06,45,New York Metro,Philadelphia Tri-State,090,NorthWest - Wayne 2,MtArlington,090103,1,2,2050,0,16.4,0,16.4
01/11/2023,06,45,New York Metro,Philadelphia Tri-State,090,NorthWest - Wayne 2,MtArlington,090103,1,4,null,900,0,900,0
01/11/2023,06,45,New York Metro,Philadelphia Tri-State,090,NorthWest - Wayne 2,MtArlington,090103,2,1,5230,0,12.35,0,12.35
01/11/2023,06,45,New York Metro,Philadelphia Tri-State,090,NorthWest - Wayne 2,MtArlington,090103,2,2,2050,0,21.38,0,21.38
01/11/2023,06,45,New York Metro,Philadelphia Tri-State,090,NorthWest - Wayne 2,MtArlington,090103,2,4,null,900,0,900,0
01/11/2023,06,45,New York Metro,Philadelphia Tri-State,090,NorthWest - Wayne 2,MtArlington,090103,3,1,5230,0,18.9,0,18.9
01/11/2023,06,45,New York Metro,Philadelphia Tri-State,090,NorthWest - Wayne 2,MtArlington,090103,3,2,2050,0,97.83,0,97.83
01/11/2023,06,45,New York Metro,Philadelphia Tri-State,090,NorthWest - Wayne 2,MtArlington,090103,3,4,null,900,0,900,0
01/11/2023,07,00,New York Metro,Philadelphia Tri-State,090,NorthWest - Wayne 2,MtArlington,090103,1,1,5230,0,13.68,0,13.68
01/11/2023,07,00,New York Metro,Philadelphia Tri-State,090,NorthWest - Wayne 2,MtArlington,090103,1,2,2050,0,18.32,0,18.32
01/11/2023,07,00,New York Metro,Philadelphia Tri-State,090,NorthWest - Wayne 2,MtArlington,090103,1,4,null,655,0.66,655,0.66
01/11/2023,07,00,New York Metro,Philadelphia Tri-State,090,NorthWest - Wayne 2,MtArlington,090103,2,1,5230,0,12.49,0,12.49
01/11/2023,07,00,New York Metro,Philadelphia Tri-State,090,NorthWest - Wayne 2,MtArlington,090103,2,2,2050,0,21.19,0,21.19
01/11/2023,07,00,New York Metro,Philadelphia Tri-State,090,NorthWest - Wayne 2,MtArlington,090103,2,4,null,592,0.82,592,0.82
01/11/2023,07,00,New York Metro,Philadelphia Tri-State,090,NorthWest - Wayne 2,MtArlington,090103,3,1,5230,0,19.86,0,19.86
01/11/2023,07,00,New York Metro,Philadelphia Tri-State,090,NorthWest - Wayne 2,MtArlington,090103,3,2,2050,0,107.81,0,107.81
01/11/2023,07,00,New York Metro,Philadelphia Tri-State,090,NorthWest - Wayne 2,MtArlington,090103,3,4,null,593,6.41,593,6.41
Total,*,*,*,*,*,*,*,*,*,*,*,125977,20.57,125977,20.57
